{"cameraMode":{"drawMode":0,"name":"Shaded","section":"Shading Mode"},"sceneLighting":true,"audioPlay":false,"sceneViewState":{"showFog":true,"showMaterialUpdate":false,"showSkybox":true,"showFlares":true,"showImageEffects":true,"showParticleSystems":true,"showVisualEffectGraphs":true,"m_FxEnabled":true},"in2DMode":false,"pivot":{"x":271.8448181152344,"y":-78.32444763183594,"z":220.37245178222657},"rotation":{"x":-0.10429693013429642,"y":-0.42877957224845889,"z":0.049741748720407489,"w":-0.8959901332855225},"size":179.20289611816407,"orthographic":false}